Rk,Player,Age,Team,Pos,G,GS,MP,PER,TS%,3PAr,FTr,ORB%,DRB%,TRB%,AST%,STL%,BLK%,TOV%,USG%,OWS,DWS,WS,WS/48,OBPM,DBPM,BPM,VORP,Awards,Player-additional,Temporada,full_name,id
8.0,Shai Gilgeous-Alexander,21.0,OKC,SG,70.0,70.0,2428.0,17.7,0.568,0.247,0.352,2.2,16.1,9.4,15.2,1.6,1.7,10.3,23.7,3.1,3.0,6.1,0.121,1.3,0.4,1.7,2.2,,gilgesh01,2019,Shai Gilgeous-Alexander,1628983.0
11.0,Nikola Jokić,24.0,DEN,C,73.0,73.0,2336.0,24.9,0.605,0.238,0.281,8.0,26.1,17.1,35.2,1.8,1.7,15.8,26.6,6.7,3.1,9.8,0.202,5.5,2.0,7.4,5.5,MVP-9ASNBA2,jokicni01,2019,,
15.0,Jayson Tatum,21.0,BOS,PF,66.0,66.0,2265.0,20.4,0.567,0.383,0.255,3.1,18.5,10.9,14.5,2.0,2.3,10.2,28.6,3.2,3.7,6.9,0.146,3.5,0.6,4.0,3.4,MVP-12ASNBA3,tatumja01,2019,Jayson Tatum,1628369.0
18.0,Chris Paul,34.0,OKC,PG,70.0,70.0,2208.0,21.7,0.61,0.343,0.315,1.3,15.7,8.7,34.0,2.4,0.4,13.8,23.3,5.9,3.0,8.9,0.193,3.0,1.4,4.4,3.5,MVP-7ASNBA2,paulch01,2019,Chris Paul,101108.0
25.0,Robert Covington,29.0,2TM,C,70.0,68.0,2137.0,13.3,0.559,0.664,0.172,3.0,20.2,11.4,5.9,2.5,3.7,11.7,17.0,0.7,3.0,3.7,0.083,-1.2,1.3,0.0,1.1,,covinro01,2019,Robert Covington,203496.0
25.0,Robert Covington,29.0,MIN,PF,48.0,47.0,1411.0,13.5,0.572,0.629,0.19,2.6,19.5,10.7,5.9,2.6,2.6,12.0,17.8,0.5,1.8,2.3,0.078,-1.2,1.2,0.0,0.7,,covinro01,2019,Robert Covington,203496.0
25.0,Robert Covington,29.0,HOU,C,22.0,21.0,726.0,13.1,0.531,0.74,0.132,3.9,21.7,12.7,6.1,2.2,5.7,11.1,15.4,0.2,1.2,1.4,0.094,-1.2,1.4,0.2,0.4,,covinro01,2019,Robert Covington,203496.0
38.0,Julius Randle,25.0,NYK,PF,64.0,64.0,2080.0,17.5,0.538,0.23,0.35,7.5,24.9,16.0,15.8,1.2,1.0,14.3,27.6,0.9,1.8,2.7,0.062,0.7,-1.0,-0.3,0.9,,randlju01,2019,Julius Randle,203944.0
55.0,Dennis Schröder,26.0,OKC,PG,65.0,2.0,1999.0,16.7,0.575,0.337,0.245,1.1,11.6,6.5,21.9,1.1,0.6,13.4,27.2,1.9,1.8,3.6,0.087,1.1,-1.1,-0.1,1.0,6MOY-2,schrode01,2019,,
62.0,Marcus Morris,30.0,2TM,PF,62.0,62.0,1936.0,14.3,0.57,0.43,0.272,3.2,14.0,8.5,6.8,1.2,1.4,9.7,21.9,2.1,1.5,3.6,0.088,0.6,-0.7,-0.1,0.9,,morrima03,2019,,
62.0,Marcus Morris,30.0,NYK,SF,43.0,43.0,1387.0,16.5,0.582,0.415,0.311,3.6,14.7,9.0,6.8,1.2,1.2,9.2,24.4,2.1,0.8,2.9,0.101,1.8,-1.1,0.7,0.9,,morrima03,2019,,
62.0,Marcus Morris,30.0,LAC,PF,19.0,19.0,549.0,8.9,0.523,0.483,0.126,2.1,12.3,7.4,6.8,1.1,2.1,11.6,15.8,0.0,0.7,0.6,0.055,-2.5,0.3,-2.2,0.0,,morrima03,2019,,
63.0,Jaylen Brown,23.0,BOS,SG,57.0,57.0,1934.0,16.9,0.583,0.381,0.274,3.5,16.5,10.1,9.7,1.6,1.0,11.2,24.7,2.3,2.6,4.9,0.123,1.0,-0.2,0.8,1.4,,brownja02,2019,Jaylen Brown,1627759.0
66.0,Marcus Smart,25.0,BOS,SG,60.0,40.0,1919.0,13.8,0.518,0.579,0.223,2.4,10.1,6.3,21.1,2.5,1.4,12.1,18.9,1.7,2.8,4.5,0.112,0.0,1.4,1.4,1.6,DPOY-6,smartma01,2019,Marcus Smart,203935.0
68.0,Will Barton,29.0,DEN,SF,58.0,58.0,1916.0,15.6,0.549,0.39,0.18,4.5,16.9,10.7,16.0,1.6,1.4,9.9,20.1,2.4,1.8,4.2,0.106,1.2,-0.2,1.1,1.5,,bartowi01,2019,Will Barton,203115.0
71.0,Jamal Murray,22.0,DEN,PG,59.0,59.0,1904.0,17.7,0.559,0.362,0.207,2.7,11.2,6.9,22.9,1.7,0.8,11.5,25.2,2.8,1.5,4.3,0.107,2.0,-0.8,1.2,1.5,,murraja01,2019,Jamal Murray,1627750.0
73.0,Jerami Grant,25.0,DEN,PF,71.0,24.0,1892.0,14.4,0.591,0.397,0.309,3.4,11.2,7.3,6.6,1.3,2.8,8.0,18.0,2.8,1.6,4.4,0.111,0.1,-0.6,-0.5,0.7,,grantje01,2019,Jerami Grant,203924.0
80.0,Andrew Wiggins,24.0,2TM,SF,54.0,54.0,1858.0,16.4,0.536,0.342,0.274,3.6,12.3,7.8,18.1,1.1,2.4,10.7,27.4,0.8,1.1,1.9,0.05,1.1,-1.4,-0.3,0.8,,wiggian01,2019,Andrew Wiggins,203952.0
80.0,Andrew Wiggins,24.0,MIN,SF,42.0,42.0,1455.0,16.1,0.535,0.348,0.262,3.4,12.9,7.9,18.1,0.9,2.1,10.8,28.0,0.6,0.8,1.4,0.046,1.1,-1.5,-0.4,0.6,,wiggian01,2019,Andrew Wiggins,203952.0
80.0,Andrew Wiggins,24.0,GSW,SF,12.0,12.0,403.0,17.5,0.542,0.314,0.324,4.7,10.3,7.4,18.2,1.9,3.8,10.4,25.4,0.2,0.3,0.5,0.064,1.0,-1.1,-0.1,0.2,,wiggian01,2019,Andrew Wiggins,203952.0
86.0,Danilo Gallinari,31.0,OKC,PF,62.0,62.0,1834.0,19.5,0.612,0.537,0.365,2.1,16.8,9.7,10.3,1.1,0.2,7.4,24.6,4.5,1.9,6.3,0.166,4.1,-0.9,3.3,2.4,,gallida01,2019,Danilo Gallinari,201568.0
96.0,Gary Harris,25.0,DEN,SG,56.0,55.0,1780.0,9.7,0.519,0.405,0.177,1.6,8.6,5.1,8.9,2.1,0.7,9.7,15.1,0.5,1.4,1.9,0.052,-2.8,0.3,-2.5,-0.2,,harriga01,2019,Gary Harris,203914.0
106.0,Kemba Walker,29.0,BOS,PG,56.0,56.0,1742.0,20.0,0.575,0.532,0.272,2.2,11.0,6.7,24.2,1.3,1.5,10.5,27.2,3.9,2.0,5.9,0.162,4.9,-0.3,4.6,2.9,AS,walkeke02,2019,Kemba Walker,202689.0
107.0,Gordon Hayward,29.0,BOS,SF,52.0,52.0,1740.0,18.1,0.595,0.317,0.207,3.4,17.8,10.7,18.7,1.1,1.2,11.2,21.1,3.5,2.2,5.7,0.158,2.6,0.1,2.7,2.0,,haywago01,2019,Gordon Hayward,202330.0
111.0,RJ Barrett,19.0,NYK,SG,56.0,55.0,1704.0,10.7,0.479,0.271,0.349,3.0,14.8,8.7,12.8,1.6,0.9,12.9,24.0,-1.6,1.1,-0.5,-0.015,-2.9,-1.5,-4.3,-1.0,ROY-8,barrerj01,2019,RJ Barrett,1629628.0
117.0,Steven Adams,26.0,OKC,C,63.0,63.0,1680.0,20.5,0.604,0.006,0.421,14.0,24.0,19.2,13.2,1.5,3.4,14.2,17.3,3.8,2.7,6.5,0.185,1.9,1.1,2.9,2.1,,adamsst01,2019,Steven Adams,203500.0
125.0,Monte Morris,24.0,DEN,PG,73.0,12.0,1636.0,14.9,0.545,0.304,0.157,1.6,7.7,4.7,22.1,1.7,1.0,8.1,17.5,2.7,1.1,3.8,0.112,0.4,-0.5,-0.2,0.7,,morrimo01,2019,Monte Morris,1628420.0
140.0,Daniel Theis,27.0,BOS,C,65.0,64.0,1566.0,17.9,0.631,0.225,0.268,9.7,19.3,14.6,10.1,1.1,5.0,10.2,14.4,4.0,2.6,6.5,0.201,0.6,1.8,2.4,1.7,,theisda01,2019,Daniel Theis,1628464.0
143.0,Josh Okogie,21.0,MIN,SG,62.0,28.0,1547.0,11.5,0.553,0.387,0.48,5.7,12.8,9.1,8.9,2.0,1.4,15.3,15.1,0.9,1.2,2.2,0.068,-2.4,0.0,-2.4,-0.2,,okogijo01,2019,Josh Okogie,1629006.0
148.0,Jarrett Culver,20.0,MIN,SG,63.0,35.0,1506.0,9.6,0.467,0.388,0.206,4.7,10.3,7.4,10.8,1.8,2.1,11.5,19.2,-1.2,1.1,-0.1,-0.004,-3.3,-0.7,-4.0,-0.8,,culveja01,2019,Jarrett Culver,1629633.0
155.0,Jeff Teague,31.0,2TM,PG,59.0,17.0,1464.0,14.6,0.557,0.239,0.403,1.9,8.6,5.2,30.7,1.4,1.1,16.8,19.5,1.9,0.6,2.5,0.082,-0.2,-1.3,-1.5,0.2,,teaguje01,2019,Jeff Teague,201952.0
155.0,Jeff Teague,31.0,MIN,PG,34.0,13.0,945.0,15.9,0.578,0.269,0.444,1.6,8.5,4.9,32.5,1.2,1.1,16.4,20.2,1.7,0.4,2.1,0.108,0.6,-1.2,-0.6,0.3,,teaguje01,2019,Jeff Teague,201952.0
155.0,Jeff Teague,31.0,ATL,PG,25.0,4.0,519.0,12.2,0.512,0.182,0.321,2.5,8.8,5.6,27.3,1.7,1.0,17.5,18.3,0.2,0.2,0.4,0.035,-1.6,-1.5,-3.2,-0.2,,teaguje01,2019,Jeff Teague,201952.0
157.0,D'Angelo Russell,23.0,2TM,PG,45.0,45.0,1452.0,18.7,0.556,0.509,0.235,1.2,12.3,6.6,35.2,1.6,0.8,13.6,31.5,1.1,0.7,1.8,0.06,3.8,-1.9,1.9,1.4,,russeda01,2019,D'Angelo Russell,1626156.0
157.0,D'Angelo Russell,23.0,GSW,PG,33.0,33.0,1060.0,19.1,0.558,0.506,0.227,1.4,11.4,6.2,36.0,1.4,0.8,12.6,32.2,0.9,0.4,1.3,0.058,4.5,-1.9,2.6,1.2,,russeda01,2019,D'Angelo Russell,1626156.0
157.0,D'Angelo Russell,23.0,MIN,PG,12.0,12.0,392.0,17.6,0.553,0.521,0.261,0.8,14.5,7.4,33.1,2.0,0.8,16.4,29.5,0.2,0.3,0.5,0.064,1.8,-1.7,0.1,0.2,,russeda01,2019,D'Angelo Russell,1626156.0
161.0,Maurice Harkless,26.0,2TM,PF,62.0,48.0,1427.0,9.8,0.572,0.346,0.233,4.1,13.3,8.8,6.4,1.9,2.1,14.5,10.7,0.8,1.9,2.7,0.09,-2.6,1.9,-0.7,0.5,,harklma01,2019,Maurice Harkless,203090.0
161.0,Maurice Harkless,26.0,LAC,PF,50.0,38.0,1141.0,9.7,0.584,0.336,0.194,4.4,13.6,9.1,5.5,2.0,2.3,16.3,10.3,0.5,1.7,2.3,0.095,-2.5,2.4,0.0,0.6,,harklma01,2019,Maurice Harkless,203090.0
161.0,Maurice Harkless,26.0,NYK,SF,12.0,10.0,286.0,10.1,0.536,0.379,0.364,2.9,12.3,7.5,9.7,1.5,1.0,8.4,12.4,0.2,0.2,0.4,0.069,-3.2,-0.3,-3.5,-0.1,,harklma01,2019,Maurice Harkless,203090.0
165.0,Mitchell Robinson,21.0,NYK,C,61.0,7.0,1412.0,23.5,0.726,0.0,0.434,13.7,18.8,16.2,3.9,1.8,8.0,8.3,13.3,4.8,2.0,6.8,0.23,1.6,1.4,2.9,1.8,,robinmi01,2019,Mitchell Robinson,1629011.0
166.0,Bobby Portis,24.0,NYK,PF,66.0,5.0,1393.0,14.6,0.53,0.317,0.158,6.0,20.4,12.9,11.1,1.1,1.2,10.4,21.4,0.9,1.0,1.9,0.064,0.0,-1.1,-1.1,0.3,,portibo01,2019,Bobby Portis,1626171.0
169.0,Brad Wanamaker,30.0,BOS,PG,71.0,1.0,1369.0,12.8,0.577,0.282,0.376,1.7,9.4,5.6,17.8,2.2,0.9,15.3,15.5,1.8,1.8,3.5,0.124,-1.9,1.3,-0.6,0.5,,wanambr01,2019,Brad Wanamaker,202954.0
172.0,Shabazz Napier,28.0,2TM,PG,56.0,32.0,1344.0,13.8,0.552,0.526,0.336,2.0,10.9,6.3,27.8,2.4,0.7,19.7,20.0,0.8,0.9,1.7,0.059,-0.7,-0.4,-1.1,0.3,,napiesh01,2019,Shabazz Napier,203894.0
172.0,Shabazz Napier,28.0,MIN,PG,36.0,22.0,856.0,13.9,0.539,0.562,0.311,2.0,11.9,6.8,31.3,2.2,0.7,19.1,19.1,0.6,0.6,1.3,0.071,-0.6,-0.2,-0.8,0.3,,napiesh01,2019,Shabazz Napier,203894.0
172.0,Shabazz Napier,28.0,WAS,PG,20.0,10.0,488.0,13.6,0.573,0.468,0.376,1.9,9.1,5.4,21.7,2.8,0.7,20.5,21.6,0.1,0.3,0.4,0.039,-0.9,-0.7,-1.6,0.0,,napiesh01,2019,Shabazz Napier,203894.0
195.0,Terrance Ferguson,21.0,OKC,SF,56.0,38.0,1257.0,3.7,0.481,0.764,0.091,2.1,4.4,3.3,5.3,1.0,1.2,11.9,9.1,-0.3,0.9,0.6,0.021,-4.8,0.3,-4.5,-0.8,,fergute01,2019,Terrance Ferguson,1628390.0
199.0,Elfrid Payton,25.0,NYK,PG,45.0,36.0,1246.0,16.0,0.47,0.157,0.195,4.3,14.1,9.1,38.6,2.7,1.3,16.7,19.5,0.5,1.2,1.7,0.065,-0.4,0.4,0.0,0.6,,paytoel01,2019,Elfrid Payton,203901.0
203.0,Paul Millsap,34.0,DEN,PF,51.0,48.0,1240.0,16.9,0.591,0.283,0.322,8.9,17.6,13.2,9.6,1.8,2.2,12.3,20.0,2.1,1.4,3.5,0.136,0.3,-0.2,0.1,0.7,,millspa01,2019,Paul Millsap,200794.0
209.0,Malik Beasley,23.0,2TM,SG,55.0,14.0,1209.0,12.7,0.546,0.517,0.124,1.6,11.9,6.7,9.4,1.6,0.6,9.2,21.8,0.4,0.8,1.2,0.049,-0.7,-1.4,-2.1,0.0,,beaslma01,2019,Malik Beasley,1627736.0
209.0,Malik Beasley,23.0,DEN,SG,41.0,0.0,746.0,10.5,0.511,0.535,0.126,1.4,10.2,5.8,9.1,2.1,0.7,10.2,20.6,-0.2,0.6,0.5,0.03,-2.2,-0.7,-2.9,-0.2,,beaslma01,2019,Malik Beasley,1627736.0
209.0,Malik Beasley,23.0,MIN,SG,14.0,14.0,463.0,16.2,0.591,0.494,0.12,2.0,14.7,8.1,9.8,0.9,0.4,7.9,23.7,0.5,0.2,0.8,0.079,1.7,-2.4,-0.7,0.2,,beaslma01,2019,Malik Beasley,1627736.0
212.0,Karl-Anthony Towns,24.0,MIN,C,35.0,35.0,1187.0,26.5,0.642,0.445,0.363,8.1,26.1,16.8,22.8,1.3,2.9,13.2,28.8,3.7,1.3,5.1,0.204,7.0,0.8,7.8,2.9,,townska01,2019,Karl-Anthony Towns,1626157.0
214.0,Frank Ntilikina,21.0,NYK,PG,57.0,26.0,1187.0,9.8,0.497,0.411,0.177,2.0,9.1,5.4,20.2,2.2,1.3,16.5,15.4,0.1,0.8,0.9,0.037,-3.6,0.4,-3.2,-0.4,,ntilila01,2019,Frank Ntilikina,1628373.0
220.0,Kevin Knox,20.0,NYK,SF,65.0,4.0,1166.0,8.3,0.47,0.496,0.252,2.5,14.7,8.4,7.4,1.0,2.3,9.2,17.8,-0.5,0.7,0.2,0.007,-3.1,-1.1,-4.2,-0.7,,knoxke01,2019,,
225.0,Darius Bazley,19.0,OKC,PF,61.0,9.0,1130.0,9.6,0.497,0.445,0.196,3.0,20.5,12.0,5.1,1.0,3.1,11.6,15.1,-0.5,1.5,1.0,0.041,-2.1,0.5,-1.6,0.1,,bazleda01,2019,Darius Bazley,1629647.0
227.0,Nerlens Noel,25.0,OKC,C,61.0,7.0,1127.0,20.4,0.711,0.011,0.394,9.2,19.9,14.7,7.6,2.5,6.9,17.3,14.9,2.6,2.3,4.9,0.209,-0.3,3.4,3.1,1.5,,noelne01,2019,Nerlens Noel,203457.0
230.0,Gorgui Dieng,30.0,2TM,C,63.0,17.0,1096.0,17.1,0.568,0.418,0.277,8.5,25.8,17.0,9.7,2.2,4.5,12.8,17.6,1.3,1.7,2.9,0.129,-0.2,1.8,1.5,1.0,,dienggo01,2019,Gorgui Dieng,203476.0
230.0,Gorgui Dieng,30.0,MIN,C,46.0,17.0,778.0,17.8,0.563,0.433,0.213,9.5,25.8,17.4,11.1,2.2,4.5,12.7,18.4,0.9,1.1,2.1,0.129,0.3,1.5,1.8,0.7,,dienggo01,2019,Gorgui Dieng,203476.0
230.0,Gorgui Dieng,30.0,MEM,C,17.0,0.0,318.0,15.5,0.583,0.368,0.483,6.1,26.0,16.2,6.3,2.1,4.7,13.2,15.9,0.3,0.6,0.9,0.13,-1.5,2.5,1.0,0.2,,dienggo01,2019,Gorgui Dieng,203476.0
233.0,Torrey Craig,29.0,DEN,SF,58.0,27.0,1072.0,10.8,0.553,0.513,0.134,6.6,13.2,9.9,5.9,1.1,3.1,8.1,12.6,1.1,0.9,2.0,0.091,-2.0,-0.3,-2.3,-0.1,,craigto01,2019,Torrey Craig,1628470.0
235.0,Mason Plumlee,29.0,DEN,C,61.0,1.0,1057.0,18.8,0.613,0.017,0.538,10.4,23.2,16.8,20.9,1.5,3.3,18.7,18.0,2.0,1.4,3.4,0.153,0.3,1.7,2.0,1.1,,plumlma01,2019,Mason Plumlee,203486.0
237.0,Grant Williams,21.0,BOS,PF,69.0,5.0,1043.0,7.9,0.505,0.455,0.256,6.1,12.1,9.1,8.5,1.4,3.2,17.6,11.6,0.1,1.4,1.6,0.071,-4.1,1.4,-2.7,-0.2,,willigr01,2019,Grant Williams,1629684.0
241.0,Taj Gibson,34.0,NYK,C,62.0,56.0,1025.0,16.1,0.61,0.049,0.196,11.2,16.7,13.9,7.6,1.3,2.8,13.1,14.8,1.8,0.8,2.6,0.12,-0.8,-0.3,-1.1,0.2,,gibsota01,2019,Taj Gibson,201959.0
246.0,Semi Ojeleye,25.0,BOS,PF,69.0,6.0,1011.0,7.7,0.562,0.648,0.163,2.8,12.5,7.7,4.7,1.0,0.5,8.3,9.7,0.8,1.0,1.9,0.088,-2.1,0.4,-1.7,0.1,,ojelese01,2019,Semi Ojeleye,1628400.0
250.0,Enes Freedom,27.0,BOS,C,58.0,7.0,983.0,22.4,0.599,0.02,0.284,18.0,28.9,23.5,8.8,1.1,3.9,12.5,19.4,2.6,1.8,4.4,0.214,1.8,-0.3,1.5,0.9,,kanteen01,2019,Enes Freedom,202683.0
261.0,Treveon Graham,26.0,2TM,SF,55.0,20.0,929.0,6.6,0.456,0.496,0.231,5.7,11.7,8.6,6.6,1.2,0.5,9.8,13.1,-0.2,0.4,0.2,0.009,-4.5,-1.1,-5.6,-0.8,,grahatr01,2019,Treveon Graham,1626203.0
261.0,Treveon Graham,26.0,MIN,SF,33.0,20.0,663.0,6.0,0.447,0.474,0.211,4.5,11.7,8.0,6.1,1.2,0.3,9.0,13.1,-0.3,0.3,0.1,0.004,-5.0,-0.8,-5.8,-0.6,,grahatr01,2019,Treveon Graham,1626203.0
261.0,Treveon Graham,26.0,ATL,SF,22.0,0.0,266.0,8.0,0.478,0.552,0.284,8.8,11.5,10.1,7.6,1.2,1.3,11.7,13.3,0.0,0.1,0.1,0.022,-3.3,-1.7,-5.0,-0.2,,grahatr01,2019,Treveon Graham,1626203.0
269.0,Michael Porter Jr.,21.0,DEN,SF,55.0,8.0,903.0,19.8,0.617,0.384,0.188,8.2,23.9,16.1,7.9,1.5,2.6,10.6,22.3,1.8,1.1,2.9,0.154,2.4,-0.8,1.5,0.8,,portemi01,2019,Michael Porter Jr.,1629008.0
271.0,Hamidou Diallo,21.0,OKC,SF,46.0,3.0,896.0,9.3,0.491,0.193,0.213,5.6,14.7,10.3,5.9,2.0,0.9,13.6,18.4,-0.7,1.1,0.4,0.022,-4.2,0.3,-3.9,-0.4,,diallha01,2019,Hamidou Diallo,1628977.0
280.0,Abdel Nader,26.0,OKC,SF,55.0,6.0,867.0,11.3,0.591,0.487,0.251,1.8,10.6,6.4,6.4,1.3,2.0,12.8,17.0,0.5,0.9,1.3,0.074,-1.2,0.2,-1.0,0.2,,naderab01,2019,Abdel Nader,1627846.0
283.0,Damyean Dotson,25.0,NYK,SG,48.0,0.0,836.0,10.9,0.527,0.562,0.114,1.2,10.6,5.8,10.0,1.3,0.5,6.5,16.5,0.6,0.4,0.9,0.053,-0.9,-0.5,-1.4,0.1,,dotsoda01,2019,Damyean Dotson,1628422.0
286.0,Juancho Hernangómez,24.0,2TM,PF,48.0,14.0,833.0,10.4,0.518,0.522,0.287,5.6,20.5,12.8,6.6,1.1,1.0,10.3,15.7,0.2,0.7,0.9,0.052,-2.2,-1.1,-3.4,-0.3,,hernaju01,2019,,
286.0,Juancho Hernangómez,24.0,DEN,PF,34.0,0.0,422.0,6.9,0.442,0.545,0.227,6.4,18.8,12.6,6.7,0.6,1.1,12.9,14.3,-0.2,0.3,0.1,0.007,-4.0,-1.2,-5.2,-0.3,,hernaju01,2019,,
286.0,Juancho Hernangómez,24.0,MIN,PF,14.0,14.0,411.0,14.1,0.576,0.504,0.336,4.7,22.1,13.1,6.4,1.6,0.8,8.2,17.1,0.5,0.4,0.8,0.098,-0.4,-1.0,-1.5,0.1,,hernaju01,2019,,
289.0,Luguentz Dort,20.0,OKC,SF,36.0,28.0,820.0,7.6,0.506,0.463,0.243,3.3,7.5,5.5,4.6,1.8,0.4,8.4,14.1,0.1,0.8,0.8,0.049,-4.1,0.4,-3.7,-0.4,,dortlu01,2019,Luguentz Dort,1629652.0
294.0,Jordan McRae,28.0,3TM,SG,37.0,4.0,784.0,14.2,0.515,0.344,0.298,2.4,15.4,8.7,17.9,1.3,1.8,9.4,24.4,0.4,0.4,0.7,0.044,0.0,-1.5,-1.5,0.1,,mcraejo01,2019,Jordan McRae,203895.0
294.0,Jordan McRae,28.0,WAS,SG,29.0,4.0,654.0,15.2,0.523,0.334,0.262,2.7,15.1,8.7,19.1,1.4,2.0,9.7,24.9,0.4,0.3,0.7,0.051,0.8,-1.2,-0.4,0.3,,mcraejo01,2019,Jordan McRae,203895.0
294.0,Jordan McRae,28.0,DEN,SG,4.0,0.0,32.0,16.7,0.58,0.667,0.667,3.5,14.0,8.8,15.6,3.1,2.9,0.0,10.5,0.1,0.0,0.1,0.201,1.1,1.4,2.5,0.0,,mcraejo01,2019,Jordan McRae,203895.0
294.0,Jordan McRae,28.0,DET,SG,4.0,0.0,98.0,6.5,0.446,0.372,0.512,0.0,17.6,8.7,10.7,0.0,0.0,8.7,25.7,-0.1,0.0,-0.1,-0.053,-5.6,-4.2,-9.8,-0.2,,mcraejo01,2019,Jordan McRae,203895.0
301.0,Keita Bates-Diop,24.0,2TM,SF,44.0,0.0,744.0,12.4,0.539,0.44,0.321,3.5,15.1,9.1,5.8,1.2,2.7,6.0,15.8,0.6,0.6,1.2,0.078,-1.0,-0.4,-1.4,0.1,,bateske01,2019,Keita Bates-Diop,1628966.0
301.0,Keita Bates-Diop,24.0,MIN,PF,37.0,0.0,646.0,12.5,0.535,0.456,0.316,3.3,15.1,9.0,6.7,1.2,2.6,5.6,15.8,0.6,0.5,1.0,0.077,-0.8,-0.1,-0.9,0.2,,bateske01,2019,Keita Bates-Diop,1628966.0
301.0,Keita Bates-Diop,24.0,DEN,SF,7.0,0.0,98.0,12.1,0.571,0.321,0.357,4.6,14.8,9.7,0.0,1.0,3.8,8.5,15.7,0.1,0.1,0.2,0.084,-2.2,-2.8,-5.0,-0.1,,bateske01,2019,Keita Bates-Diop,1628966.0
309.0,Reggie Bullock,28.0,NYK,SG,29.0,19.0,684.0,9.3,0.502,0.496,0.094,2.0,8.8,5.3,8.8,1.8,0.4,7.5,15.6,0.2,0.3,0.5,0.036,-2.8,-0.3,-3.0,-0.2,,bullore01,2019,Reggie Bullock,203493.0
316.0,Allen Crabbe,27.0,2TM,SG,37.0,1.0,653.0,6.0,0.47,0.672,0.079,1.8,11.0,6.3,6.8,1.1,0.5,8.5,12.7,-0.2,0.2,-0.1,-0.007,-3.7,-1.5,-5.3,-0.5,,crabbal01,2019,Allen Crabbe,203459.0
316.0,Allen Crabbe,27.0,ATL,SG,28.0,1.0,522.0,7.2,0.482,0.65,0.084,2.0,11.5,6.7,7.3,1.3,0.6,7.5,12.7,-0.1,0.1,0.1,0.009,-3.1,-1.1,-4.1,-0.3,,crabbal01,2019,Allen Crabbe,203459.0
316.0,Allen Crabbe,27.0,MIN,SF,9.0,0.0,131.0,1.1,0.416,0.765,0.059,0.8,9.2,4.8,5.1,0.0,0.0,12.5,12.5,-0.2,0.0,-0.2,-0.068,-6.4,-3.3,-9.7,-0.3,,crabbal01,2019,Allen Crabbe,203459.0
318.0,James Johnson,32.0,2TM,PF,32.0,1.0,619.0,14.8,0.572,0.423,0.223,4.3,16.3,10.3,18.4,1.9,4.6,16.9,19.4,0.3,0.8,1.1,0.089,-1.1,1.2,0.0,0.3,,johnsja01,2019,James Johnson,201949.0
318.0,James Johnson,32.0,MIA,PF,18.0,0.0,281.0,11.1,0.547,0.517,0.161,3.3,16.9,10.4,11.1,1.0,4.6,13.9,17.0,0.0,0.4,0.4,0.065,-2.6,0.8,-1.8,0.0,,johnsja01,2019,James Johnson,201949.0
318.0,James Johnson,32.0,MIN,C,14.0,1.0,338.0,17.9,0.588,0.359,0.266,5.1,15.9,10.3,24.4,2.6,4.7,18.8,21.4,0.3,0.4,0.8,0.109,0.1,1.5,1.6,0.3,,johnsja01,2019,James Johnson,201949.0
323.0,Jordan McLaughlin,23.0,MIN,PG,30.0,2.0,590.0,16.3,0.587,0.427,0.219,1.2,7.8,4.4,31.0,2.7,0.6,13.7,15.8,1.1,0.4,1.6,0.13,0.3,0.0,0.3,0.3,,mclaujo01,2019,Jordan McLaughlin,1629162.0
325.0,Mike Muscala,28.0,OKC,C,47.0,2.0,572.0,12.5,0.569,0.757,0.116,3.2,17.3,10.4,10.1,0.8,1.8,7.9,16.6,0.7,0.6,1.3,0.107,0.1,-0.2,-0.1,0.3,,muscami01,2019,Mike Muscala,203488.0
329.0,Wayne Ellington,32.0,NYK,SG,36.0,1.0,558.0,8.5,0.509,0.822,0.075,0.7,12.0,6.2,11.0,1.1,0.7,9.1,15.0,0.2,0.2,0.4,0.035,-1.9,-1.0,-2.9,-0.1,,ellinwa01,2019,Wayne Ellington,201961.0
330.0,Dennis Smith Jr.,22.0,NYK,PG,34.0,3.0,537.0,7.4,0.399,0.256,0.251,4.1,11.7,7.7,26.4,2.5,1.4,19.8,23.1,-1.4,0.5,-0.9,-0.079,-5.2,-0.9,-6.1,-0.6,,smithde03,2019,Dennis Smith Jr.,1628372.0
331.0,Troy Daniels,28.0,2TM,SG,47.0,0.0,532.0,8.4,0.518,0.71,0.086,2.5,8.2,5.4,4.3,1.0,0.5,5.9,16.3,0.1,0.5,0.6,0.056,-1.7,-1.2,-2.9,-0.1,,danietr01,2019,Troy Daniels,203584.0
331.0,Troy Daniels,28.0,LAL,SG,41.0,0.0,456.0,9.0,0.527,0.709,0.101,2.9,8.1,5.5,4.1,0.8,0.6,5.2,16.1,0.2,0.4,0.7,0.069,-1.2,-1.1,-2.2,0.0,,danietr01,2019,Troy Daniels,203584.0
331.0,Troy Daniels,28.0,DEN,SG,6.0,0.0,76.0,5.3,0.464,0.714,0.0,0.0,8.8,4.4,5.4,2.0,0.0,9.7,17.7,-0.1,0.1,0.0,-0.025,-4.8,-2.4,-7.2,-0.1,,danietr01,2019,Troy Daniels,203584.0
338.0,Jake Layman,25.0,MIN,SF,23.0,2.0,505.0,10.3,0.544,0.402,0.179,3.4,8.7,6.0,4.4,1.6,1.6,11.1,17.7,0.0,0.3,0.3,0.03,-2.8,-0.9,-3.7,-0.2,,laymaja01,2019,Jake Layman,1627774.0
340.0,Naz Reid,20.0,MIN,C,30.0,11.0,495.0,15.3,0.505,0.399,0.218,7.0,19.9,13.2,11.2,1.8,3.7,7.6,24.0,0.2,0.6,0.8,0.074,-1.6,-0.3,-1.9,0.0,,reidna01,2019,Naz Reid,1629675.0
341.0,Kelan Martin,24.0,MIN,SF,31.0,4.0,495.0,9.2,0.506,0.53,0.171,2.5,18.6,10.2,6.8,0.7,1.5,9.3,17.8,-0.1,0.3,0.2,0.023,-3.3,-1.0,-4.3,-0.3,,martike03,2019,Kelan Martin,1629103.0
350.0,Javonte Green,26.0,BOS,SG,48.0,2.0,468.0,13.1,0.564,0.262,0.333,5.6,15.6,10.6,7.7,2.5,1.6,13.7,15.3,0.4,0.8,1.1,0.113,-2.1,1.4,-0.7,0.2,,greenja02,2019,Javonte Green,1629750.0
361.0,Jacob Evans,22.0,2TM,SG,29.0,1.0,418.0,5.5,0.436,0.291,0.216,2.3,8.6,5.3,10.8,1.3,2.6,14.6,17.5,-0.7,0.2,-0.5,-0.056,-5.8,-1.3,-7.1,-0.5,,evansja02,2019,Jacob Evans,1628980.0
361.0,Jacob Evans,22.0,GSW,SG,27.0,1.0,414.0,5.6,0.439,0.286,0.218,2.3,8.7,5.4,10.9,1.3,2.6,14.6,17.6,-0.6,0.2,-0.5,-0.054,-5.7,-1.2,-7.0,-0.5,,evansja02,2019,Jacob Evans,1628980.0
361.0,Jacob Evans,22.0,MIN,SG,2.0,0.0,4.0,-9.6,0.0,1.0,0.0,0.0,0.0,0.0,0.0,0.0,0.0,0.0,10.3,0.0,0.0,0.0,-0.263,-10.5,-5.6,-16.1,0.0,,evansja02,2019,Jacob Evans,1628980.0
363.0,PJ Dozier,23.0,DEN,SG,29.0,0.0,412.0,11.6,0.495,0.312,0.185,2.7,12.2,7.5,21.6,1.7,1.3,13.7,20.8,0.0,0.4,0.4,0.044,-2.5,-1.2,-3.8,-0.2,,doziepj01,2019,,
365.0,Robert Williams,22.0,BOS,C,29.0,1.0,388.0,23.1,0.728,0.0,0.386,11.2,24.0,17.7,10.1,2.7,8.4,16.9,13.6,1.1,1.0,2.0,0.253,0.8,4.3,5.1,0.7,,williro04,2019,,
369.0,Noah Vonleh,24.0,2TM,C,36.0,1.0,377.0,15.5,0.622,0.163,0.348,10.1,25.3,17.4,10.7,1.4,1.3,16.5,13.9,0.6,0.4,1.0,0.127,-1.2,0.3,-1.0,0.1,,vonleno01,2019,Noah Vonleh,203943.0
369.0,Noah Vonleh,24.0,MIN,C,29.0,1.0,347.0,15.3,0.605,0.163,0.326,10.0,25.9,17.6,10.8,1.5,1.4,16.2,13.9,0.5,0.4,0.9,0.124,-1.5,0.4,-1.0,0.1,,vonleno01,2019,Noah Vonleh,203943.0
369.0,Noah Vonleh,24.0,DEN,C,7.0,0.0,30.0,17.6,0.838,0.167,0.667,11.2,18.6,14.9,9.5,0.0,0.0,20.5,14.1,0.1,0.0,0.1,0.166,1.3,-1.9,-0.6,0.0,,vonleno01,2019,Noah Vonleh,203943.0
371.0,Romeo Langford,20.0,BOS,SG,32.0,2.0,370.0,5.4,0.434,0.338,0.313,4.4,7.4,5.9,4.5,1.0,2.0,10.8,11.8,-0.2,0.4,0.2,0.025,-4.7,-0.3,-4.9,-0.3,,langfro01,2019,Romeo Langford,1629641.0
377.0,Deonte Burton,26.0,OKC,SF,39.0,0.0,356.0,4.3,0.396,0.424,0.112,2.2,15.1,8.8,6.8,1.0,2.4,12.7,18.5,-0.9,0.4,-0.5,-0.067,-6.3,-0.5,-6.8,-0.4,,burtode02,2019,Deonte Burton,1629126.0
380.0,Carsen Edwards,21.0,BOS,SG,37.0,0.0,351.0,6.9,0.444,0.594,0.148,1.9,12.4,7.2,9.3,1.7,1.1,9.9,18.4,-0.3,0.4,0.1,0.014,-4.4,-0.2,-4.6,-0.2,,edwarca01,2019,Carsen Edwards,1629035.0
392.0,Allonzo Trier,24.0,NYK,SG,24.0,1.0,291.0,14.5,0.62,0.5,0.406,2.1,8.7,5.3,14.8,0.5,1.3,15.0,21.4,0.5,0.1,0.5,0.087,1.0,-1.4,-0.4,0.1,,trieral01,2019,Allonzo Trier,1629019.0
403.0,Jordan Bell,25.0,2TM,C,29.0,0.0,256.0,13.9,0.577,0.179,0.463,12.0,21.8,16.7,8.9,0.5,3.2,20.7,16.4,0.2,0.2,0.4,0.07,-1.4,-1.1,-2.5,0.0,,belljo01,2019,Jordan Bell,1628395.0
403.0,Jordan Bell,25.0,MIN,C,27.0,0.0,235.0,14.1,0.57,0.15,0.483,12.1,23.3,17.5,8.6,0.4,3.5,19.8,15.9,0.2,0.2,0.4,0.072,-1.5,-1.1,-2.6,0.0,,belljo01,2019,Jordan Bell,1628395.0
403.0,Jordan Bell,25.0,MEM,C,2.0,0.0,21.0,12.6,0.635,0.429,0.286,10.2,4.9,7.5,12.9,2.2,0.0,27.6,21.6,0.0,0.0,0.0,0.047,-0.9,-0.8,-1.6,0.0,,belljo01,2019,Jordan Bell,1628395.0
428.0,Jaylen Nowell,20.0,MIN,SG,15.0,0.0,151.0,10.5,0.471,0.491,0.321,2.0,7.3,4.5,17.8,0.9,0.6,4.7,17.3,0.1,0.0,0.2,0.051,-2.9,-0.8,-3.8,-0.1,,nowelja01,2019,Jaylen Nowell,1629669.0
437.0,Vincent Poirier,26.0,BOS,C,22.0,0.0,130.0,12.7,0.525,0.056,0.194,10.8,24.4,17.7,8.5,0.7,6.4,17.0,15.4,0.1,0.2,0.3,0.113,-4.8,1.0,-3.8,-0.1,,poirivi01,2019,Vincent Poirier,1629738.0
440.0,Tremont Waters,22.0,BOS,PG,11.0,1.0,119.0,4.3,0.381,0.49,0.163,0.0,10.7,5.4,18.3,4.1,1.6,22.2,24.2,-0.5,0.2,-0.3,-0.103,-8.5,1.0,-7.5,-0.2,,watertr01,2019,Tremont Waters,1629682.0
443.0,Kadeem Allen,27.0,NYK,PG,10.0,0.0,117.0,14.0,0.512,0.364,0.25,1.8,6.6,4.1,27.0,2.1,1.6,14.1,20.6,0.1,0.1,0.1,0.053,-0.3,-0.7,-0.9,0.0,,allenka01,2019,Kadeem Allen,1628443.0
453.0,Bol Bol,20.0,DEN,PF,7.0,0.0,87.0,14.4,0.617,0.321,0.357,6.4,18.0,12.2,9.8,1.1,6.4,23.6,21.2,0.0,0.1,0.1,0.063,-2.3,-0.7,-3.0,0.0,,bolbo01,2019,Bol Bol,1629626.0
455.0,Andre Roberson,28.0,OKC,SF,7.0,0.0,87.0,5.4,0.335,0.483,0.069,9.2,24.7,17.1,6.3,0.6,3.0,6.3,16.1,-0.1,0.1,0.0,-0.017,-5.2,-0.2,-5.4,-0.1,,roberan03,2019,Andre Roberson,203460.0
459.0,Devon Hall,24.0,OKC,PG,11.0,0.0,81.0,3.1,0.298,0.567,0.267,2.8,6.6,4.8,21.3,2.4,1.1,13.0,20.9,-0.3,0.1,-0.2,-0.116,-6.0,-0.7,-6.7,-0.1,,hallde01,2019,Devon Hall,1628985.0
469.0,Tyler Cook,22.0,2TM,PF,13.0,0.0,54.0,19.4,0.741,0.0,0.667,12.3,16.6,14.4,2.9,2.7,0.0,16.2,14.7,0.2,0.0,0.2,0.182,0.3,-0.5,-0.2,0.0,,cookty01,2019,Tyler Cook,1629076.0
469.0,Tyler Cook,22.0,CLE,PF,11.0,0.0,35.0,23.9,0.752,0.0,0.6,12.6,19.2,15.9,4.5,1.4,0.0,7.3,16.7,0.2,0.0,0.2,0.244,2.9,-0.6,2.3,0.0,,cookty01,2019,Tyler Cook,1629076.0
469.0,Tyler Cook,22.0,DEN,SF,2.0,0.0,19.0,11.3,0.694,0.0,1.0,11.8,11.8,11.8,0.0,5.2,0.0,41.0,11.2,0.0,0.0,0.0,0.069,-4.4,-0.4,-4.8,0.0,,cookty01,2019,Tyler Cook,1629076.0
471.0,Ignas Brazdeikis,21.0,NYK,SF,9.0,0.0,53.0,3.2,0.351,0.409,0.227,3.9,6.2,5.0,10.6,0.0,1.8,7.6,21.0,-0.1,0.0,-0.1,-0.108,-5.1,-3.9,-9.0,-0.1,,brazdig01,2019,Ignas Brazdeikis,1629649.0
474.0,Kevin Hervey,23.0,OKC,PF,10.0,0.0,52.0,5.0,0.315,0.741,0.0,2.2,22.7,12.7,13.9,0.9,1.7,0.0,22.8,-0.2,0.1,-0.1,-0.085,-4.0,-1.1,-5.1,0.0,,herveke01,2019,Kevin Hervey,1628987.0
483.0,Jarred Vanderbilt,20.0,2TM,PF,11.0,0.0,46.0,7.6,0.676,0.125,0.25,7.3,14.5,10.9,5.9,3.2,2.0,44.1,14.9,-0.1,0.1,0.0,-0.026,-6.8,0.5,-6.3,-0.1,,vandeja01,2019,Jarred Vanderbilt,1629020.0
483.0,Jarred Vanderbilt,20.0,DEN,PF,9.0,0.0,41.0,7.2,0.714,0.0,0.0,8.2,13.6,10.9,6.6,3.6,2.3,50.0,14.8,-0.1,0.1,0.0,-0.042,-7.3,0.9,-6.4,0.0,,vandeja01,2019,Jarred Vanderbilt,1629020.0
483.0,Jarred Vanderbilt,20.0,MIN,PF,2.0,0.0,5.0,11.1,0.532,1.0,2.0,0.0,21.9,10.6,0.0,0.0,0.0,0.0,15.5,0.0,0.0,0.0,0.104,-2.8,-2.8,-5.6,0.0,,vandeja01,2019,Jarred Vanderbilt,1629020.0
485.0,Vlatko Čančar,22.0,DEN,PF,14.0,0.0,45.0,11.4,0.507,0.4,0.267,12.5,12.4,12.4,9.1,1.1,2.1,15.2,19.1,0.0,0.0,0.1,0.062,-3.6,-1.2,-4.8,0.0,,cancavl01,2019,,
494.0,Tacko Fall,24.0,BOS,C,7.0,0.0,33.0,28.4,0.751,0.0,0.214,3.3,44.9,24.3,5.8,1.5,11.2,16.4,23.7,0.1,0.1,0.2,0.223,0.4,6.0,6.5,0.1,,fallta01,2019,Tacko Fall,1629605.0
506.0,Justin Patton,22.0,OKC,C,5.0,0.0,24.0,4.7,0.45,0.4,0.0,4.7,17.9,11.5,12.6,0.0,0.0,16.7,22.0,-0.1,0.0,0.0,-0.063,-6.8,-3.3,-10.1,0.0,,pattoju01,2019,Justin Patton,1628383.0
520.0,Isaiah Roby,21.0,OKC,PF,3.0,0.0,11.0,-7.7,0.0,0.0,0.0,0.0,19.5,10.0,0.0,0.0,0.0,50.0,8.0,-0.1,0.0,0.0,-0.188,-12.0,-3.4,-15.4,0.0,,robyis01,2019,Isaiah Roby,1629676.0
